{"SPY": 0.3333333333333333, "QQQ": 0.8, "MSFT": 0.07692307692307693, "NVDA": 0.4375, "AMZN": 0.4, "GOOGL": 0.5, "META": 0.5, "GME": 0.0, "TSLA": 0.2222222222222222, "ORCL": 1.0, "CRWD": 0.0, "AMD": 0.2, "NBIS": 0.0, "IREN": -0.5, "TSM": 0.3333333333333333, "ASML": 0.0, "ASTS": 0.0, "LUNR": 0.3333333333333333, "RDW": 0.0, "GEV": 0.5, "CEG": 0.0, "CCJ": 0.0, "OKLO": 0.0, "VST": 0.0, "KTOS": 0.0, "AVAV": 0.0, "AMTM": 0.0, "SYM": 0.0, "ISRG": 0.0, "TE": 0.0, "EOSE": 1.0, "ELVA": -0.3333333333333333, "FLNC": 0.0, "QBTS": 0.0, "IONQ": 0.0, "RGTI": 0.0, "GH": 0.0, "GRAL": 0.2, "MIRM": 0.0, "VRT": 0.0, "ANET": 0.0, "CRML": 0.0, "TMC": 0.0, "IDR": 0.0, "MTZ": 0.0, "AGX": 0.0, "POWL": 0.0, "TMQ": 0.0, "UUUU": 0.0, "UNH": 0.25, "QCOM": 0.0, "NFLX": 0.3333333333333333, "JPM": 0.0, "GS": 0.0, "V": 0.0, "XYZ": 0.0, "COIN": 0.42857142857142855, "COST": 1.0, "SBUX": 1.0, "NKE": 0.0, "FSLR": 0.0, "MP": 0.0, "PATH": 0.0, "PLTR": 0.14814814814814814, "MSTR": 0.0, "MARA": 0.0, "RIOT": 0.0, "CORZ": 1.0, "BITF": -0.5}