{"SPY": 0.0, "QQQ": 0.0, "MSFT": 0.5, "NVDA": 0.2, "AMZN": 0.3157894736842105, "GOOGL": 0.0, "META": 0.25, "GME": 0.0, "TSLA": 0.0, "ORCL": 0.0, "CRWD": -1.0, "AMD": -0.5, "NBIS": 0.0, "IREN": 0.0, "TSM": 1.0, "ASML": 0.0, "ASTS": 0.5, "LUNR": 0.0, "RDW": 0.0, "GEV": -1.0, "CEG": 0.0, "CCJ": 0.0, "OKLO": 0.0, "VST": 0.0, "KTOS": 0.0, "AVAV": 0.0, "AMTM": 0.0, "SYM": 0.0, "ISRG": 0.0, "TE": 0.0, "EOSE": 0.0, "ELVA": 0.0, "FLNC": 0.0, "QBTS": 0.0, "IONQ": 0.0, "RGTI": 0.0, "GH": -1.0, "GRAL": 0.0, "MIRM": 0.0, "VRT": 0.0, "ANET": 0.25, "CRML": 0.0, "TMC": 0.0, "IDR": 0.0, "MTZ": 1.0, "AGX": 0.0, "POWL": 0.0, "TMQ": 0.0, "UUUU": 0.0, "UNH": -1.0, "QCOM": 0.3333333333333333, "NFLX": -0.5, "JPM": 0.0, "GS": 0.0, "V": 1.0, "XYZ": 0.3333333333333333, "COIN": 0.6666666666666666, "COST": 0.0, "SBUX": -1.0, "NKE": 0.0, "FSLR": 0.0, "MP": 0.0, "PATH": 0.0, "PLTR": 0.0, "MSTR": 0.45454545454545453, "MARA": 0.5, "RIOT": 1.0, "CORZ": 0.0, "BITF": 0.0}