{"SPY": -0.05263157894736842, "QQQ": -1.0, "MSFT": 0.16666666666666666, "NVDA": 0.08333333333333333, "AMZN": 0.2857142857142857, "GOOGL": 0.2857142857142857, "META": 0.0, "GME": 0.3333333333333333, "TSLA": 0.0, "ORCL": 0.0, "CRWD": 0.25, "AMD": 0.5, "NBIS": 0.0, "IREN": 0.0, "TSM": 0.5, "ASML": 1.0, "ASTS": 0.0, "LUNR": 0.6666666666666666, "RDW": 1.0, "GEV": 0.0, "CEG": 0.0, "CCJ": 0.0, "OKLO": 0.0, "VST": 0.0, "KTOS": 0.0, "AVAV": 0.0, "AMTM": 0.0, "SYM": 0.0, "ISRG": 0.0, "TE": 0.0, "EOSE": 0.0, "ELVA": 0.0, "FLNC": 0.0, "QBTS": 0.0, "IONQ": 0.0, "RGTI": 0.0, "GH": 0.0, "GRAL": 0.0, "MIRM": 0.0, "VRT": 0.0, "ANET": 0.0, "CRML": 0.0, "TMC": 0.0, "IDR": 0.0, "MTZ": 0.0, "AGX": 0.0, "POWL": 0.0, "TMQ": 0.0, "UUUU": 0.0, "UNH": -0.125, "QCOM": 0.0, "NFLX": 0.0, "JPM": 0.42857142857142855, "GS": 1.0, "V": 0.0, "XYZ": 0.0, "COIN": 0.0, "COST": 1.0, "SBUX": 1.0, "NKE": 0.0, "FSLR": -0.3333333333333333, "MP": 0.0, "PATH": 0.0, "PLTR": -0.125, "MSTR": 0.2, "MARA": 1.0, "RIOT": 1.0, "CORZ": 1.0, "BITF": 0.0}