{"SPY": 0.038461538461538464, "QQQ": 0.0, "MSFT": 0.4, "NVDA": 0.3333333333333333, "AMZN": 0.3333333333333333, "GOOGL": 0.0, "META": 0.25, "GME": 0.0, "TSLA": -0.5, "ORCL": 0.0, "CRWD": 0.0, "AMD": 0.4, "NBIS": 0.0, "IREN": 1.0, "TSM": 0.25, "ASML": 0.0, "ASTS": 0.0, "LUNR": 0.0, "RDW": 0.0, "GEV": 0.0, "CEG": 0.0, "CCJ": 0.0, "OKLO": 0.0, "VST": 0.0, "KTOS": 0.0, "AVAV": 0.0, "AMTM": 0.0, "SYM": 0.0, "ISRG": 0.0, "TE": 0.0, "EOSE": -0.25, "ELVA": 0.0, "FLNC": 0.0, "QBTS": 0.0, "IONQ": 1.0, "RGTI": 0.0, "GH": 0.3333333333333333, "GRAL": 0.0, "MIRM": 0.0, "VRT": 0.2, "ANET": 0.0, "CRML": 0.0, "TMC": 0.0, "IDR": 0.0, "MTZ": 0.0, "AGX": 0.0, "POWL": 0.0, "TMQ": 0.0, "UUUU": 0.0, "UNH": 0.0, "QCOM": 0.3333333333333333, "NFLX": 0.5, "JPM": 0.2, "GS": 0.0, "V": 0.125, "XYZ": 0.0, "COIN": 0.2727272727272727, "COST": 0.0, "SBUX": 0.15789473684210525, "NKE": 0.0, "FSLR": 0.5, "MP": 0.0, "PATH": 0.0, "PLTR": 1.0, "MSTR": 0.2222222222222222, "MARA": 0.6666666666666666, "RIOT": 0.5, "CORZ": 1.0, "BITF": 0.0}