{"SPY": 0.1827956989247312, "QQQ": 0.0, "MSFT": 0.16666666666666666, "NVDA": 0.125, "AMZN": 0.2, "GOOGL": 0.0, "META": 0.25, "GME": 0.0, "TSLA": 0.0, "ORCL": 0.0, "CRWD": 0.3333333333333333, "AMD": 0.2962962962962963, "NBIS": 0.0, "IREN": 0.0, "TSM": 0.0, "ASML": 0.0, "ASTS": 0.0, "LUNR": 0.0, "RDW": 0.0, "GEV": 0.0, "CEG": 1.0, "CCJ": 0.0, "OKLO": 1.0, "VST": -0.25, "KTOS": 0.25, "AVAV": 0.0, "AMTM": 0.0, "SYM": 0.3333333333333333, "ISRG": 0.0, "TE": 0.0, "EOSE": 0.3333333333333333, "ELVA": 0.0, "FLNC": 0.25, "QBTS": 0.0, "IONQ": 0.14285714285714285, "RGTI": 0.0, "GH": 0.0, "GRAL": 0.0, "MIRM": 0.3333333333333333, "VRT": 0.0, "ANET": 0.4, "CRML": 0.0, "TMC": 0.0, "IDR": 0.0, "MTZ": 0.0, "AGX": 0.0, "POWL": 0.0, "TMQ": 0.0, "UUUU": 0.5, "UNH": 0.0, "QCOM": 0.0, "NFLX": 0.5, "JPM": 0.0, "GS": 0.0, "V": 0.0, "XYZ": 0.0, "COIN": 0.4, "COST": 0.0, "SBUX": 0.0, "NKE": 0.0, "FSLR": 0.0, "MP": 0.0, "PATH": 0.0, "PLTR": 0.0, "MSTR": 0.0, "MARA": 0.0, "RIOT": 0.0, "CORZ": -0.5, "BITF": 0.0}