{"SPY": 0.16666666666666666, "QQQ": -0.5, "MSFT": -0.25, "NVDA": -0.2777777777777778, "AMZN": 0.2857142857142857, "GOOGL": -0.2, "META": -0.14285714285714285, "GME": 0.0, "HUT": 0.5, "TSLA": 0.1851851851851852, "ORCL": 0.0, "CRWD": 0.6666666666666666, "AMD": -0.2857142857142857, "NBIS": 0.0, "IREN": 0.0, "TSM": -1.0, "ASML": 0.0, "RKLB": 0.0, "ASTS": 0.0, "LUNR": 0.0, "RDW": 0.0, "GEV": 1.0, "CEG": 0.5, "ONDS": 0.0, "CCJ": 1.0, "OKLO": 0.0, "VST": 1.0, "KTOS": 0.0, "AVAV": 0.0, "AMTM": 0.0, "SYM": 0.0, "ISRG": 0.0, "TE": 0.0, "EOSE": 0.0, "ELVA": 0.0, "FLNC": 0.0, "QBTS": -1.0, "IONQ": 0.0, "RGTI": -0.5, "GH": 0.0, "GRAL": 0.0, "MIRM": 0.0, "VRT": 0.0, "ANET": 0.0, "CRML": 0.0, "TMC": 0.0, "IDR": 0.0, "MTZ": 0.0, "AGX": 0.0, "POWL": 0.0, "TMQ": 0.0, "UUUU": 0.4, "UNH": 0.0, "QCOM": 0.0, "NFLX": 0.0, "JPM": 0.0, "GS": 0.0, "V": 0.0, "XYZ": 0.0, "COIN": 0.0, "COST": 1.0, "SBUX": 0.3333333333333333, "NKE": 0.0, "FSLR": 1.0, "MP": 0.0, "PATH": 0.0, "PLTR": 0.0, "MSTR": 0.0, "MARA": 0.3333333333333333, "RIOT": 0.0, "CORZ": 0.0, "BITF": 0.0}