{"SPY": 0.08333333333333333, "QQQ": 1.0, "MSFT": 0.36666666666666664, "NVDA": 0.4, "AMZN": 0.5, "GOOGL": 0.25, "META": 0.5490196078431373, "GME": 0.0, "TSLA": 0.2, "ORCL": 0.0, "CRWD": 0.0, "AMD": 0.0, "NBIS": 0.0, "IREN": 0.0, "TSM": 0.0, "ASML": 1.0, "ASTS": 0.0, "LUNR": 0.0, "RDW": 0.0, "GEV": 0.0, "CEG": 0.0, "CCJ": -0.3333333333333333, "OKLO": 0.0, "VST": 0.0, "KTOS": 0.0, "AVAV": 0.0, "AMTM": 0.0, "SYM": 0.0, "ISRG": 0.0, "TE": 0.0, "EOSE": 0.0, "ELVA": 0.0, "FLNC": 0.0, "QBTS": 0.0, "IONQ": 0.0, "RGTI": 0.0, "GH": 0.6666666666666666, "GRAL": 0.0, "MIRM": 0.0, "VRT": 0.6666666666666666, "ANET": 0.0, "CRML": 0.0, "TMC": 0.0, "IDR": 0.0, "MTZ": 0.16666666666666666, "AGX": 0.0, "POWL": 0.0, "TMQ": 0.0, "UUUU": 0.0, "UNH": -0.3333333333333333, "QCOM": 0.13333333333333333, "NFLX": 0.3333333333333333, "JPM": 0.0, "GS": 0.0, "V": 0.2, "XYZ": 0.5, "COIN": 0.0, "COST": 0.0, "SBUX": 0.0, "NKE": 0.0, "FSLR": 0.6, "MP": 0.0, "PATH": 0.0, "PLTR": 0.0, "MSTR": 0.4, "MARA": 0.0, "RIOT": 0.25, "CORZ": 0.0, "BITF": 0.0}