{"SPY": 0.21428571428571427, "QQQ": 0.3333333333333333, "MSFT": 0.14285714285714285, "NVDA": 0.09090909090909091, "AMZN": 0.16666666666666666, "GOOGL": -0.3333333333333333, "META": 0.5, "GME": 1.0, "TSLA": 0.5, "ORCL": 0.0, "CRWD": 0.5, "AMD": 0.3333333333333333, "NBIS": 0.0, "IREN": 0.0, "TSM": 0.4, "ASML": 0.25, "ASTS": 0.0, "LUNR": 0.0, "RDW": 0.5, "GEV": 1.0, "CEG": 0.0, "CCJ": 0.0, "OKLO": 0.0, "VST": 0.0, "KTOS": 0.0, "AVAV": 0.0, "AMTM": 0.5, "SYM": 0.0, "ISRG": 0.0, "TE": 0.0, "EOSE": 0.0, "ELVA": 0.0, "FLNC": -0.5, "QBTS": 0.0, "IONQ": 0.0, "RGTI": 0.0, "GH": 0.0, "GRAL": 0.0, "MIRM": 0.0, "VRT": 0.0, "ANET": 1.0, "CRML": 0.0, "TMC": 0.0, "IDR": 0.0, "MTZ": 0.0, "AGX": 0.0, "POWL": 1.0, "TMQ": 0.0, "UUUU": 0.0, "UNH": 0.5, "QCOM": 0.0, "NFLX": 0.5, "JPM": 0.0, "GS": 0.125, "V": 0.0, "XYZ": 0.0, "COIN": 0.0, "COST": 0.0, "SBUX": 1.0, "NKE": 0.0, "FSLR": 0.5, "MP": 0.0, "PATH": 0.0, "PLTR": 0.16666666666666666, "MSTR": 0.0, "MARA": 0.0, "RIOT": 0.0, "CORZ": 0.0, "BITF": 0.0}