{"SPY": -0.09090909090909091, "QQQ": 0.0, "MSFT": 0.5, "NVDA": 0.25, "AMZN": 0.14285714285714285, "GOOGL": 0.3333333333333333, "META": 0.3333333333333333, "GME": 0.0, "HUT": 0.0, "TSLA": -0.09090909090909091, "ORCL": 0.0, "CRWD": 0.0, "AMD": 0.0, "NBIS": 1.0, "IREN": -1.0, "TSM": 0.0, "ASML": 0.0, "RKLB": 0.0, "ASTS": 0.0, "LUNR": 0.0, "RDW": 0.0, "GEV": 0.38095238095238093, "CEG": 0.0, "ONDS": 0.0, "CCJ": 0.0, "OKLO": -0.5, "VST": 0.0, "KTOS": 0.0, "AVAV": 0.0, "AMTM": 0.0, "SYM": 0.0, "ISRG": 0.3076923076923077, "TE": 0.6666666666666666, "EOSE": 0.6666666666666666, "ELVA": 0.0, "FLNC": 0.0, "QBTS": -0.5, "IONQ": 0.0, "RGTI": -1.0, "GH": 0.0, "GRAL": 1.0, "MIRM": 0.0, "VRT": 0.3333333333333333, "ANET": 0.0, "CRML": 0.0, "TMC": 0.0, "IDR": 0.0, "MTZ": 0.0, "AGX": 0.0, "POWL": 0.0, "TMQ": 0.0, "UUUU": 0.0, "UNH": 0.0, "QCOM": 0.6666666666666666, "NFLX": 0.2727272727272727, "JPM": 0.0, "GS": 0.0, "V": 0.25, "XYZ": 0.0, "COIN": 0.0, "COST": 0.0, "SBUX": 0.0, "NKE": 0.0, "FSLR": 1.0, "MP": 0.0, "PATH": 0.0, "PLTR": 0.0, "MSTR": 0.0, "MARA": 0.0, "RIOT": 0.0, "CORZ": 0.0, "BITF": -1.0}