{"SPY": 0.07692307692307693, "QQQ": 0.0, "MSFT": 0.16666666666666666, "NVDA": 0.3, "AMZN": 0.2222222222222222, "GOOGL": 0.16666666666666666, "META": 0.125, "GME": 0.0, "TSLA": 0.2, "ORCL": 0.3333333333333333, "CRWD": 0.0, "AMD": 0.38461538461538464, "NBIS": 0.0, "IREN": 1.0, "TSM": 0.25, "ASML": 0.0, "ASTS": 0.5, "LUNR": 0.0, "RDW": 0.0, "GEV": 0.0, "CEG": 0.0, "CCJ": 0.0, "OKLO": 0.5, "VST": 0.0, "KTOS": 0.0, "AVAV": 0.0, "AMTM": 0.0, "SYM": 0.0, "ISRG": 0.0, "TE": 0.0, "EOSE": 0.0, "ELVA": 0.0, "FLNC": 0.0, "QBTS": 0.0, "IONQ": 1.0, "RGTI": 0.0, "GH": 0.0, "GRAL": 0.0, "MIRM": 0.0, "VRT": 0.0, "ANET": 0.0, "CRML": 0.0, "TMC": -0.3333333333333333, "IDR": 0.0, "MTZ": 0.0, "AGX": 0.0, "POWL": 0.0, "TMQ": 0.0, "UUUU": 0.0, "UNH": 0.125, "QCOM": 1.0, "NFLX": 0.6666666666666666, "JPM": 0.0, "GS": 0.0, "V": 0.0, "XYZ": 0.25, "COIN": 0.0, "COST": 0.0, "SBUX": 0.5, "NKE": 0.0, "FSLR": 0.0, "MP": 0.0, "PATH": 0.0, "PLTR": 0.5, "MSTR": 0.2, "MARA": 0.0, "RIOT": 0.0, "CORZ": 0.0, "BITF": 0.0}