{"SPY": 0.09375, "QQQ": 0.5, "MSFT": 0.5, "NVDA": 0.5, "AMZN": 0.75, "GOOGL": 0.5714285714285714, "META": 1.0, "GME": 0.0, "TSLA": 0.6666666666666666, "ORCL": 0.0, "CRWD": -0.07142857142857142, "AMD": 0.14285714285714285, "NBIS": 0.0, "IREN": 0.0, "TSM": 0.0, "ASML": 0.5, "ASTS": 0.0, "LUNR": 0.0, "RDW": 0.0, "GEV": 0.0, "CEG": 0.16666666666666666, "CCJ": 0.5, "OKLO": 0.0, "VST": 0.0, "KTOS": 0.0, "AVAV": 0.0, "AMTM": 0.0, "SYM": 0.0, "ISRG": 0.0, "TE": 0.0, "EOSE": 0.0, "ELVA": 0.0, "FLNC": 0.0, "QBTS": 0.5, "IONQ": 0.0, "RGTI": 0.0, "GH": 0.0, "GRAL": 0.0, "MIRM": 0.0, "VRT": 0.0, "ANET": 0.0, "CRML": 0.0, "TMC": 0.0, "IDR": 0.0, "MTZ": 0.0, "AGX": 0.0, "POWL": 0.0, "TMQ": 0.0, "UUUU": 0.5, "UNH": 0.25, "QCOM": 0.0, "NFLX": 0.0, "JPM": 0.0, "GS": 0.0, "V": 0.0, "XYZ": 0.0, "COIN": 0.0, "COST": -0.5, "SBUX": 0.0, "NKE": 0.5, "FSLR": 0.0, "MP": 0.0, "PATH": 0.0, "PLTR": 0.16666666666666666, "MSTR": 0.25, "MARA": 0.3333333333333333, "RIOT": 0.5, "CORZ": 0.0, "BITF": 0.0}