{"SPY": 0.21052631578947367, "QQQ": 0.6666666666666666, "MSFT": 0.25, "NVDA": 0.0, "AMZN": 0.25, "GOOGL": 0.25, "META": 0.1111111111111111, "GME": 0.0, "TSLA": -0.16666666666666666, "ORCL": 0.0, "CRWD": 0.6666666666666666, "AMD": 0.0, "NBIS": 0.25, "IREN": 0.0, "TSM": 0.4, "ASML": 0.5, "ASTS": 1.0, "LUNR": 1.0, "RDW": 0.0, "GEV": 0.0, "CEG": 0.0, "CCJ": 0.0, "OKLO": 0.0, "VST": 0.0, "KTOS": 0.0, "AVAV": 0.0, "AMTM": 0.0, "SYM": 0.0, "ISRG": 0.0, "TE": 0.0, "EOSE": 0.0, "ELVA": 0.0, "FLNC": 0.0, "QBTS": 0.0, "IONQ": 0.0, "RGTI": 0.0, "GH": 0.0, "GRAL": 0.0, "MIRM": 0.0, "VRT": 0.0, "ANET": 0.0, "CRML": 0.0, "TMC": 0.0, "IDR": 0.0, "MTZ": 0.0, "AGX": 0.0, "POWL": 0.0, "TMQ": 0.0, "UUUU": 0.0, "UNH": 0.0, "QCOM": 0.0, "NFLX": 0.5, "JPM": 0.3333333333333333, "GS": 0.0, "V": 0.0, "XYZ": 0.0, "COIN": 0.7777777777777778, "COST": 1.0, "SBUX": 0.0, "NKE": 0.0, "FSLR": 1.0, "MP": 0.0, "PATH": 0.0, "PLTR": 0.2857142857142857, "MSTR": 0.5714285714285714, "MARA": 0.6, "RIOT": 1.0, "CORZ": 0.0, "BITF": 0.0}