{"SPY": 0.10185185185185186, "QQQ": 0.08333333333333333, "MSFT": 0.3333333333333333, "NVDA": 0.4, "AMZN": 0.16666666666666666, "GOOGL": 0.0, "META": 0.25, "GME": 0.0, "TSLA": 0.25, "ORCL": 0.0, "CRWD": 0.0, "AMD": 0.2, "NBIS": 0.0, "IREN": 0.0, "TSM": 0.5, "ASML": 0.0, "ASTS": 0.0, "LUNR": 0.0, "RDW": 0.5, "GEV": 0.0, "CEG": 0.3333333333333333, "CCJ": 0.0, "OKLO": 0.0, "VST": 0.0, "KTOS": 0.0, "AVAV": 0.0, "AMTM": 0.0, "SYM": 0.0, "ISRG": 0.0, "TE": 0.0, "EOSE": 0.0, "ELVA": 0.0, "FLNC": 0.0, "QBTS": 0.0, "IONQ": 0.0, "RGTI": 0.0, "GH": 0.0, "GRAL": 0.0, "MIRM": 0.0, "VRT": 0.0, "ANET": 0.0, "CRML": 0.0, "TMC": 0.0, "IDR": 0.0, "MTZ": 1.0, "AGX": 0.0, "POWL": 0.0, "TMQ": 0.0, "UUUU": 0.0, "UNH": 0.25, "QCOM": 0.3333333333333333, "NFLX": 0.0, "JPM": 0.5, "GS": 0.3333333333333333, "V": 0.0, "XYZ": 0.0, "COIN": 0.5, "COST": 0.3333333333333333, "SBUX": -0.5, "NKE": 0.0, "FSLR": 0.0, "MP": 0.0, "PATH": 1.0, "PLTR": 0.3333333333333333, "MSTR": -0.25, "MARA": 0.0, "RIOT": 0.0, "CORZ": 0.0, "BITF": 0.0}