{"SPY": 0.038461538461538464, "QQQ": 0.5714285714285714, "MSFT": 0.3333333333333333, "NVDA": 0.2222222222222222, "AMZN": -0.2, "GOOGL": 0.2, "META": 0.16666666666666666, "GME": 0.0, "TSLA": 0.14285714285714285, "ORCL": 1.0, "CRWD": 0.0, "AMD": 0.14285714285714285, "NBIS": 1.0, "IREN": 0.0, "TSM": 0.2, "ASML": 0.0, "ASTS": 0.0, "LUNR": 1.0, "RDW": 1.0, "GEV": 0.0, "CEG": 0.0, "CCJ": 0.0, "OKLO": 0.0, "VST": 0.5, "KTOS": 0.5, "AVAV": 0.0, "AMTM": 0.0, "SYM": 0.0, "ISRG": 0.0, "TE": 0.0, "EOSE": 0.0, "ELVA": 0.0, "FLNC": 0.0, "QBTS": 0.0, "IONQ": 0.0, "RGTI": 0.0, "GH": 0.0, "GRAL": 0.0, "MIRM": 0.5, "VRT": 0.0, "ANET": 0.0, "CRML": 0.0, "TMC": 0.0, "IDR": 0.0, "MTZ": 0.0, "AGX": 0.0, "POWL": 0.0, "TMQ": 0.0, "UUUU": 1.0, "UNH": 0.0, "QCOM": 1.0, "NFLX": 0.6666666666666666, "JPM": 0.0, "GS": 0.0, "V": 0.5, "XYZ": 0.6, "COIN": 0.5, "COST": 0.0, "SBUX": 0.0, "NKE": 0.0, "FSLR": 0.0, "MP": 0.0, "PATH": 0.0, "PLTR": 0.16666666666666666, "MSTR": 0.6666666666666666, "MARA": 1.0, "RIOT": 1.0, "CORZ": -0.25, "BITF": 0.0}