{"SPY": -0.037037037037037035, "QQQ": 0.0, "MSFT": 0.0, "NVDA": 0.0, "AMZN": -0.2, "GOOGL": 0.0, "META": -0.5, "GME": 0.0, "TSLA": 0.0, "ORCL": 0.0, "CRWD": 0.0, "AMD": 0.14285714285714285, "NBIS": 0.0, "IREN": 0.0, "TSM": 0.14285714285714285, "ASML": 0.0, "ASTS": 0.3333333333333333, "LUNR": -0.16666666666666666, "RDW": 0.125, "GEV": 0.0, "CEG": 0.5, "CCJ": 0.5, "OKLO": 0.5, "VST": -0.5, "KTOS": 0.25, "AVAV": 0.0, "AMTM": 0.0, "SYM": 0.375, "ISRG": 0.0, "TE": 0.0, "EOSE": 0.0, "ELVA": 0.0, "FLNC": 0.0, "QBTS": 0.25, "IONQ": 0.0, "RGTI": 0.0, "GH": 0.0, "GRAL": 0.0, "MIRM": 1.0, "VRT": 0.0, "ANET": 0.0, "CRML": 0.0, "TMC": 0.0, "IDR": 1.0, "MTZ": 0.0, "AGX": 0.0, "POWL": 0.0, "TMQ": 0.0, "UUUU": 0.0, "UNH": 0.0, "QCOM": 0.0, "NFLX": 0.0, "JPM": 0.0, "GS": 0.0, "V": 0.0, "XYZ": 0.2222222222222222, "COIN": 0.0, "COST": 0.4, "SBUX": 0.0, "NKE": 0.0, "FSLR": 0.0, "MP": 0.3333333333333333, "PATH": 0.0, "PLTR": 0.2, "MSTR": 0.0, "MARA": 0.0, "RIOT": 0.0, "CORZ": 0.0, "BITF": 0.0}