{"SPY": 0.07692307692307693, "QQQ": -0.5, "MSFT": 0.375, "NVDA": 0.2222222222222222, "AMZN": -0.4, "GOOGL": -0.11111111111111112, "META": 0.5, "GME": 0.0, "HUT": 0.0, "TSLA": 0.25, "ORCL": 0.6666666666666666, "CRWD": 0.0, "AMD": 0.4, "NBIS": 1.0, "IREN": 0.0, "TSM": 0.26666666666666666, "ASML": 0.25, "RKLB": 0.3333333333333333, "ASTS": 0.0, "LUNR": 0.0, "RDW": 0.0, "GEV": 0.0, "CEG": 0.0, "ONDS": 0.0, "CCJ": 1.0, "OKLO": 0.0, "VST": 0.0, "KTOS": 0.0, "AVAV": 0.0, "AMTM": 0.0, "SYM": 0.0, "ISRG": 0.0, "TE": 0.0, "EOSE": 0.0, "ELVA": 0.0, "FLNC": 0.0, "QBTS": 0.0, "IONQ": 0.0, "RGTI": 0.5, "GH": 0.0, "GRAL": 0.0, "MIRM": 0.0, "VRT": 0.0, "ANET": 0.0, "CRML": 0.6, "TMC": 0.0, "IDR": 0.0, "MTZ": 0.0, "AGX": 0.0, "POWL": 0.0, "TMQ": 0.0, "UUUU": 0.0, "UNH": 0.0, "QCOM": 0.0, "NFLX": 0.5, "JPM": 0.0, "GS": 0.0, "V": 0.0, "XYZ": 0.0, "COIN": -0.3333333333333333, "COST": 0.0, "SBUX": 1.0, "NKE": 0.0, "FSLR": 0.0, "MP": 0.0, "PATH": 0.0, "PLTR": 0.5, "MSTR": -0.3333333333333333, "MARA": 0.0, "RIOT": 0.0, "CORZ": 0.0, "BITF": 0.0}